Title,backend_frameworks,company_industry,company_name,company_size,company_type,frontend_frameworks,has_django,has_python,is_data_engineer,is_fullstack,is_sustainability_focused,location,seniority_level,years_of_experience,enriched_with_chatgpt,URL,Description
Full-stack TypeScript Developer,"Node.js,NestJS",Airport Operations,Schiphol Group,3000,in_house,React,False,False,False,True,True,Schiphol,senior,5,unknown,https://nl.indeed.com/pagead/clk?mo=r&ad=-6NYlbfkN0BoPKnmB-qs7iRmlZM5SaPH4_i2yHbAL1juBmYuCSPeH86nynwXyw14EXRSVhf26bKHT9ILH5IhkY2Fv0C5Mx8pAuZLMctYv2bNiYqr84n3PDlyYhEdnp5c3hoXkB9XVQpQ1mrRG9NsER8gtiliseKp_KDSCBkSLtMgsIC-gTAJRbDsmxX-VvInMgzC4PtcxF9GbyZXoHbJ-jZ8ZI758MECQFMKbbWI5u-hdLPLi_xjqdh6tFrORJZ-iqX60NdHz4PSodQn589JLXRc_3NHxZxxgqdTHRARCDunLW3K3QoUZjgq1VxvEzsugJz6uVfWZwHEK28vx-_fpuwkjlTCJ6hEdXoYjhe7duWlCJNU29kMaEEijrF8k6YkRD62BYQGjJwQOV-4qXe5sK5eEtm17VBEaAa-ab8wD2Cq2TPfg5y5CbWzqkx2B5JiqseAlXj7L340tFa44P61uor587wDWE00xFIvoepp2yms-6ySfLdNn48K0lLqzTfqHiGKF3-dHYuFFYQSfy_dgui_0D9pBaJ4g612lfMrbkWdXnSLXD-f018V-oqEKisi3YMi-voP7nW5AVZsMXzWq9P6jG5VsMsaebsk0Py431G5o8CkSCwsI6nFPj1eYWg7OAPZ3k3EqBAxC14RI--NkZ50bGx-79hpIX4F3Q0msFL2qxmdo6uz5LZqI0fD1cWToO2gZY0PpoYUY6VkVLyBEEPG0CCxWi0CICQimi6evhpvosimyMMnN0xxSdGZu64U7CUz75O8NlfICHqs1Aa1J_MA09HUDdIhCTAcqO9KjvyPJ9LWRavrh44ELkTWkNUTk_LDq4mK9s7ywMOfIC-9Ka1nvsK_XWRRusiPt5ZKPKmyZNYIkIvP6WP-lhUe5AKp-TfWxJBsqW0=&xkcb=SoA76_M379yD7GzZjJ0LbzkdCdPP&camk=nUmJqO2E8riisnPk21y4nw==&p=0&fvj=1&vjs=3,"Full-stack TypeScript Developer Vacaturegegevens Kijk vacaturegegevens overeenkomen profiel . Salaris € 4.744 - € 6.582 per maand & nbsp ; Locatie Schiphol & nbsp ; Volledige vacaturetekst Nice to know ( you ) Turnaround Insights geeft boost Computer Vision technologie real-time inzicht geven aircraft turnaround proces . Maak deel dynamische , creatieve omgeving voortdurend grenzen verlegt geweldige producten leveren . 3.000 trotse collega ’ s werken we onze missie : ‘ the world ’ s most sustainable and high quality airports ’ . Connecting your world Full-Stack TypeScript Developer bouw web mobile applicaties AI gegenereerde inzichten onze eindgebruikers bieden . Leer Computer Vision model steeds beter real-time events herkennen . jij hiervoor zorgt ? jou . We vertrouwen manier waarop jij hard werkt laat tegenhouden tegenslagen . Jouw talenten zet jij : Implementeren nieuwe features ( Frontend , Backend , Mobile ) . Kennis delen stimuleert uitwisseling . Continu verbeteren daarin voorbeeld . Real-time camerabeeld geparkeerde vliegtuigen geanalyseerd AI systeem , voorspelbaarheid vertrektijd verhogen . beelden bevatten o.a . gate , catering , bagage afhandeling . Meerdere luchthavens willen geavanceerd product gaan gebruiken , draag jij . Jij werken multidisciplinaire Agile team developers , business analisten , UX designers , information analisten , scrum master product owner . You 've got this Schiphol verbindt jouw wereld . beste mensen maken we reizen veilig verantwoord . Jij draagt hieraan jouw unieke talenten , zoals manier waarop jij problemen analyseert , patronen herkent logisch redeneert . resultaat ? Inzicht oplossingen . initiatief neemt verbeteringen voeren . Sowieso functie : 5+ jaar ervaring TypScript Full-stack Developer ( vergelijkbare rol ) . Ervaring streaming databases . Ervaring RESTful / GraphQL APIs . Ervaring beheer systemen . Ervaring Flutter moderne web/UI frameworks . onze Tech Stack : TypeScript React Node.js / NestJS REST / GraphQL Kafka Redis PostgreSQL Flutter Docker / Kubernetes Auth0 You get this € 4744 € 6582 bruto per maand ( Schaal 12 ) . 13e maand . mogelijkheid 4 x 9 uur werken 36-urige werkweek . NS-Business Card reizen openbaar vervoer werk helemaal vergoedt . Ruimte ontwikkeling professioneel persoonlijk vlak . persoonlijk duurzaam inzetbaarheidsbudget , opleiding , coaching , sporten verlof . aantal onze arbeidsvoorwaarden horen functie ( basis 36-urige werkweek ) . Schiphol Group jou bieden . Ga totale overzicht alle arbeidsvoorwaarden Arbeidsvoorwaarden - Werken Schiphol Group . About the Team Airport Operations & Aviation Partnerships moment passagier vanuit huis vertrekt moment vliegtuig opstijgt : wij zorgen prettig veilig vertrek alle passagiers . nauwe samenwerking jou , ’ n 1000 collega ’ s , 140 airlines verschillende afhandelaren , stroomlijnen we processen A Z. Wij zorgen bijvoorbeeld collega klaarstaat minder valide personen begeleiden , vanaf parkeerplaats gate . genoeg bagagebanden beschikbaar . tijdens ( on ) geplande werkzaamheden vertragingen . Samen werken we elke dag robuuste afdeling verantwoord betrouwbaar airportproces . Choose your destination jouw talenten ? Welke dromen jij ? jouw verhaal ? We benieuwd jou nodigen graag solliciteren . Solliciteren jouw motivatie cv delen via sollicitatiebutton hieronder . vragen sollicitatieproces ? Stel Erwin Schuur , Recruitment Business Partner via : erwin.schuur [ at ] schiphol.nl . informatie solliciteren Schiphol Group : Sollicitatieproces - Werken Schiphol Group . veiligheid onze reizigers collega ’ s maakt veiligheidsonderzoek deel proces . indiensttreding dient Verklaring Bezwaar ( VGB ) overgelegd . About Schiphol Group 3.000 trotse collega ’ s zetten we extra stap Nederland goed mogelijk verbinden rest wereld . Vernieuwen , veiligheid samenwerken staan daarbij voorop . Samen geven we betekenis reizen leveren bijdrage economie maatschappij . 100 jaar . Nederland daarbuiten . Wist trouwens : … Schiphol Group eigenaar exploitant Amsterdam Airport Schiphol , Rotterdam The Hague Airport Lelystad Airport ? We meerderheidsbelang Eindhoven Airport . ... totaal 61,7 miljoen reizigers Schiphol Airport afreisden 2023 ? ... Full-Stack Typescript Developer business area Business Platform Operations versterkt ? & nbsp ; Nice to know ( you ) Turnaround Insights geeft boost Computer Vision technologie real-time inzicht geven aircraft turnaround proces . Maak deel dynamische , creatieve omgeving voortdurend grenzen verlegt geweldige producten leveren . 3.000 trotse collega ’ s werken we onze missie : ‘ the world ’ s most sustainable and high quality airports ’ . Connecting your world Full-Stack TypeScript Developer bouw web mobile applicaties AI gegenereerde inzichten onze eindgebruikers bieden . Leer Computer Vision model steeds beter real-time events herkennen . jij hiervoor zorgt ? jou . We vertrouwen manier waarop jij hard werkt laat tegenhouden tegenslagen . Jouw talenten zet jij : Implementeren nieuwe features ( Frontend , Backend , Mobile ) . Kennis delen stimuleert uitwisseling . Continu verbeteren daarin voorbeeld . Real-time camerabeeld geparkeerde vliegtuigen geanalyseerd AI systeem , voorspelbaarheid vertrektijd verhogen . beelden bevatten o.a . gate , catering , bagage afhandeling . Meerdere luchthavens willen geavanceerd product gaan gebruiken , draag jij . Jij werken multidisciplinaire Agile team developers , business analisten , UX designers , information analisten , scrum master product owner . You 've got this Schiphol verbindt jouw wereld . beste mensen maken we reizen veilig verantwoord . Jij draagt hieraan jouw unieke talenten , zoals manier waarop jij problemen analyseert , patronen herkent logisch redeneert . resultaat ? Inzicht oplossingen . initiatief neemt verbeteringen voeren . Sowieso functie : 5+ jaar ervaring TypScript Full-stack Developer ( vergelijkbare rol ) . Ervaring streaming databases . Ervaring RESTful / GraphQL APIs . Ervaring beheer systemen . Ervaring Flutter moderne web/UI frameworks . onze Tech Stack : TypeScript React Node.js / NestJS REST / GraphQL Kafka Redis PostgreSQL Flutter Docker / Kubernetes Auth0 You get this € 4744 € 6582 bruto per maand ( Schaal 12 ) . 13e maand . mogelijkheid 4 x 9 uur werken 36-urige werkweek . NS-Business Card reizen openbaar vervoer werk helemaal vergoedt . Ruimte ontwikkeling professioneel persoonlijk vlak . persoonlijk duurzaam inzetbaarheidsbudget , opleiding , coaching , sporten verlof . aantal onze arbeidsvoorwaarden horen functie ( basis 36-urige werkweek ) . Schiphol Group jou bieden . Ga totale overzicht alle arbeidsvoorwaarden Arbeidsvoorwaarden - Werken Schiphol Group . About the Team Airport Operations & Aviation Partnerships moment passagier vanuit huis vertrekt moment vliegtuig opstijgt : wij zorgen prettig veilig vertrek alle passagiers . nauwe samenwerking jou , ’ n 1000 collega ’ s , 140 airlines verschillende afhandelaren , stroomlijnen we processen A Z. Wij zorgen bijvoorbeeld collega klaarstaat minder valide personen begeleiden , vanaf parkeerplaats gate . genoeg bagagebanden beschikbaar . tijdens ( on ) geplande werkzaamheden vertragingen . Samen werken we elke dag robuuste afdeling verantwoord betrouwbaar airportproces . Choose your destination jouw talenten ? Welke dromen jij ? jouw verhaal ? We benieuwd jou nodigen graag solliciteren . Solliciteren jouw motivatie cv delen via sollicitatiebutton hieronder . vragen sollicitatieproces ? Stel Erwin Schuur , Recruitment Business Partner via : erwin.schuur [ at ] schiphol.nl . informatie solliciteren Schiphol Group : Sollicitatieproces - Werken Schiphol Group . veiligheid onze reizigers collega ’ s maakt veiligheidsonderzoek deel proces . indiensttreding dient Verklaring Bezwaar ( VGB ) overgelegd . About Schiphol Group 3.000 trotse collega ’ s zetten we extra stap Nederland goed mogelijk verbinden rest wereld . Vernieuwen , veiligheid samenwerken staan daarbij voorop . Samen geven we betekenis reizen leveren bijdrage economie maatschappij . 100 jaar . Nederland daarbuiten . Wist trouwens : … Schiphol Group eigenaar exploitant Amsterdam Airport Schiphol , Rotterdam The Hague Airport Lelystad Airport ? We meerderheidsbelang Eindhoven Airport . ... totaal 61,7 miljoen reizigers Schiphol Airport afreisden 2023 ? ... Full-Stack Typescript Developer business area Business Platform Operations versterkt ?"
unknown,unknown,unknown,unknown,unknown,unknown,unknown,unknown,unknown,unknown,unknown,unknown,unknown,unknown,unknown,empty_response_from_openai_api,https://nl.indeed.com/pagead/clk?mo=r&ad=-6NYlbfkN0DSb5vo1R_-L5OpjKMtYuJAAhWPCuiKyYrNS-1bYNxjpgqEfsA9np8nE0TBIVNLlsEyhEngqPIvrKGu2SEkpwon2WPJKKToJlmorooxeSRz4zaj52X6qSs9Bp7ZOpIFKnyDxehyf7rZdnMzQrLtguPvcDgGb6XjDa7IOgrPWf22EkdbQBItMcmcbWxA9Vue6dgpah3V_-D7RNLR7e04Sch7s1-R1914h2wGWagZPUJD0yQ6lC4J6-G8vEqFhq9lARfe_DZNOY7QS6sIyOc41l1jO1ioYAr1L0txBYaXadlMasrBR1KFQAXsdzzig3KDrdwxIb44M4E_hZ4jJrVKZJd7-NGpvWHoVCxazxXMtt4cfB-Mzj_9PhnTG4xHJSwx4srmgev4nHW1IEbgqt9ZAFBIxuGvxnQ7aee02t6uexp-ebiGcSZPgj2EsoLlLQs-c4y_43Z5ayHinlrvk8Y4Rq9weNgwtLApxTkGxdr290TbhJK7Hkyipd4UxeauRq5GaZekNeErvHYRl-YdU1US02FOv5Mgj31KWf8jQ1tr6289atGpFMq4edfjdB6RpB577_kuyhwSN2BiYKAicMNOJzHdZQ-GSMcJUBgKBD0mDo1aiJRaKd2dhZbOwdjeq1Skyc9gg0Km1j0vxAfBtbQEPBfcsmeD_rHHc3yRIMcjGOHmX8EdQzTKEkmqBd2NyMbSUr80fnCuPSz4E18xV3Tydw5rnARJyDez5SzwsXea4RKhAWT-0cUnPhPuKl0qDpA91hGco5tM27hEWb_vmptrYyazKf_C7bT81ivU5VvUz2nc35GhFwyXfQuE10k8jZvy3GnZcyrg4TmS59rCn6_m8aR2M-5Ry10lEFzNqty61GQgvA==&xkcb=SoCP6_M379yD7GzZjJ0KbzkdCdPP&camk=xqnMBGaf-K_SPHpsmNn92g==&p=1&fvj=0&vjs=3,unknown
unknown,unknown,unknown,unknown,unknown,unknown,unknown,unknown,unknown,unknown,unknown,unknown,unknown,unknown,unknown,empty_response_from_openai_api,https://nl.indeed.com/pagead/clk?mo=r&ad=-6NYlbfkN0A_cWh5ufxJCEatf9FOtgdwl-LajcKrnY3NwdklpeSDnnCE9EfVlo8THEY14bSJJcUs2Lrro7A7lbeT6PW9Ys4Itmyrlvbkg3DkNMKuydEA_DyAPAORpslzh5rmx_Z5TAmEvQDr46PXFEWAm0KdBV4PT2uxOSqSwWknWqR6ahSfrfjXFpJl7jn35oStoRS9lA1bPq6pCZ65-2SHaeN7LTmG5yZkPh-DU7RfQBtMPE820pIJkkxzsgo_fcef_yw4w255WpeYJJ0lUUNPAOIYJi_CIhi-Hz32pXVcP7waGex83fw60hxhZPxdsNrrtgs1yxDYd1Ecad93j4r4RJJh4m9MOiB9zlgr0eSmc5HdFYs7ZPMyStmGtmfffa2_1tDzmRfvQv5QSunuNhhPr0ygI06L7ZulnbBb7u1yxlQM9PV_W1emhw8NaMZHlegT4nbSaV7hE8Hj54FFzEImnnQK5IPsO4DRyF-Nkht-9yj-wsr9Q3qG5XuYed3K5NTzxWblNwF-Nk0F_Wcl3q1T7wjOBBGF4y6JuNm-IOxUnEBl02LjJwpoSCoMyr74uqn6hMFbJGg-8Ea0O5fhe2PLD62WvyJckcMmk9uDO0FUHS_v_gOHKKtX7wjun1NBOWauZ093J09NhVRcEJ19ynYBtGj6DEDrkf9eb-rNlPAHBZ21Gciqj_GX3V4VDQIQSBJ3e5ICurhlAXqAjPNk9Zl-eY0tA2eDBR7-j67V9nvHrqQK7oqHLacYQhNWJyvvtzSKcN2-92Xuh_lhV6sAteJO7YY7EZGhFftD2F_ySisAwDP96qbOCSYVcgGb0E8dg81yERkDljRdCAcF519q9HJW3qcwxxqJbiL_Zqb00yHIC-ElrEYAZFKrqwMv2ipqTOn2pK2M6VAQ7PoF_j4kaB8iDNZ3QpjhWGUk7qjkC12vyhPklzzUPKQi21Xq1QYvDDVjkOYzLZ-fDX5EeVZ97wzqU05noBi7weCoRdxH0oRVCxWIAxATkQ==&xkcb=SoAS6_M379yD7GzZjJ0JbzkdCdPP&camk=xqnMBGaf-K8BRMsUWkigAg==&p=2&fvj=0&vjs=3,unknown
unknown,unknown,unknown,unknown,unknown,unknown,unknown,unknown,unknown,unknown,unknown,unknown,unknown,unknown,unknown,empty_response_from_openai_api,https://nl.indeed.com/pagead/clk?mo=r&ad=-6NYlbfkN0C3egi8HxRhWIuYdjY6w7nwXqOPaz1mxqRE4GanuIuHOpKdV3I0K_QepCzjIK0bDyQIGE1tJc25wrOYslCV_1MivQ_nwja98qBTRa-QpejMNsJvCGnd-3UoJEAu-6SkNKpLCimpyoQI2dEFI7ytQEN8IbgfzEz_T2TSmwG7ozgqwdeooPimIrWPz1yCCel_Yq7Xna1sD5pfL5N0uunxbkQyeIAJXbS_FeuUqyjW42YyaB2uS89_eDJw8fawjnzjZXHKChYi0pjZRPqM3mjgTdl7mUyKaE3FHiM-lIMcHjryk_zUjlycj06F7ZVEQWs6X71e8si9TdBWI_jF6VxcQqmHetf-g24vBsZhuGcH_W3wnyOxYQ8fdVkyhY5YbokcmRiSpKEVxu_UHNubpAN9BZ0P899OAWXUEltaUR7OGFknYehaxpth-L2GDn2iP3LOaw58ET7ETRk-VPhxpdJTFauoFR9DBTvSfjlsaj3GHWKQwSwEKM9ucwXdVgemT2mtwUqAXYq48d5fzVm36T1sfPqd0AlJfFzJgN-phXAip0VVhb-tjqDFnQbgYcusB0XxINKgV4hwT3HX4_zCqc2w5xbGhoccMpusjjZpeIGh2A08yJ19qIRcCK07eIf7waN9PS0UOdP2cHLO0NkhmEkhGcyF8yr4vfGjFA4nMEq1wNuTK3MINNPp3CLG4tPALnl-g3TyCbmVjSshS-R33mU4SDQOVPJQoCFBjs1Wq1LHlXvj1NLb5TtOtQ5zTLhY4Q9xZ__Icrum0w-oAhiYElKnzU4M45-sq3A34EkYjXDnBUHLL3ejzlJlZtXCY2NJ9ZL-pEHeciaPPYBCDa-vNlmB0sWJEQL4ls3_e7Q282yLyegyDiLlN-m1LreslQTo-NQ_ddw=&xkcb=SoCm6_M379yD7GzZjJ0IbzkdCdPP&camk=4HOcmqOLYrCcE6m9DOcs_Q==&p=3&fvj=0&vjs=3,unknown
unknown,unknown,unknown,unknown,unknown,unknown,unknown,unknown,unknown,unknown,unknown,unknown,unknown,unknown,unknown,empty_response_from_openai_api,https://nl.indeed.com/pagead/clk?mo=r&ad=-6NYlbfkN0CwqX7hZlUbv_nn0XRmRocmNPI3FN0dfE160YXVPqtJa_ZAfGd-cPo1EMr2NjdNks-XI60Rqwi79RuZJ7lQLAm6RTy7y3Eoze1P-MX1mZyxhLtVlP6CrgnO_XppkL6s4QYfnfq7aCMcMEwsFOiKrn8xxvpLVWFWAGlwVoGp1zsBy4M3XG2aCFiNaQBkGFZocOqUCDH9_wDqKXnnCCr2HRden9Q75R5x3PKRRUbTj-cYLOTRegKb8p5tSzwWL_0mNr3eKWmAkH9qYH8vJSOs4ZFDidcSIKoAjomdWeUF7co0SPuMwbBgGNzhbODmJZcRboj54bLxlFjczcV3-PozpsW40UtVEYTTb88Rs-hruBPnYohvpQH1aTJYo_cZiSLHux7rRwT8hXTSXnejZXk3kDTDMzU4b6sCO0fg10Cbky2NG5JNdZvDXFe7RKN5Yv4qYCeTqdGxxMj0kkRsiOY7jxVMI9ds2D1mup6smmcx5-7ErMoC57t39MjMZWFJ92fTem8u4UU_i_Z0b9sfWZWU86-XjDTmC0vMDIVs_5BMfCEZfF8viHE0RZ3_VcxlRCvIsLXsWDFi7v8BEoYPjVS3qksO34FEtw-XVzRkGekRLpuZkGRH0FjID0XrueJAyJ6-MYfBKemU8uDNSngZeHh8JQorKuCj2VfMCGM4eNIPrQyzFiBfOfEJXp1fo3GuO5tsFNxhqg4pqKd5SMlkNDueDN1uLgiMv-VG7gBS0v7a6LQgpQAgAkii3oGdcLmzeF4_wDKHu3pJX0CQd0XsLZqpy_XdfFGfSXdPhuXgHyKimQt6bmKzIfi5pcK56Ex2FVCYvJgC9ffoorhX0q3O1LmvGMINVsFZqXSgp7z6Odu2h4dWdwL9LZ659yhZ&xkcb=SoAo6_M379yD7GzZjJ0PbzkdCdPP&camk=xqnMBGaf-K9IuLFmHCtZ9g==&p=4&fvj=0&vjs=3,unknown
unknown,unknown,unknown,unknown,unknown,unknown,unknown,unknown,unknown,unknown,unknown,unknown,unknown,unknown,unknown,empty_response_from_openai_api,https://nl.indeed.com/pagead/clk?mo=r&ad=-6NYlbfkN0ChNOWDlUQyg_CALzuD5ivp2GaiDXW4XgjtozP3GWK6PjjYM37ns1R_wCWwxfiLxRAsuAst76U2zzgwGeXEtbkutxzVWy3RB8IT1yg_Ct46qlWqvQrO5z0eTT5qZ4oDODT480M4nedf0bsjoA9eBPoMLqi7pw314JMwyUhOXFRC1erlbT2slC5U1ZHcksv1T5ML2hTzaWn6IZzLVux6JWbGwuv6Wxr1280PKQy7Y1YH-KGja6biSa26h83HKsL4vE8DdMy9zMnXO880hqTDEnME_IcGz93fQm0RNWImPoZwkIGb255FRNL01TXczLb7x3-6_LML9Yiz0xD5wv61V3epPlKQXhBXoCDvhw_z5PrBd8zoBnRkmN4H0tLb4Sd9UVvlUtUUWfXpan_6Jab7gDzpi4yTbzKCXqzQHhKPvToSrSmiQ8ENRDIbTBYQwhT-wMrPUnsNjhWKHASWBi4a5-ST-r82HMTJoLHtO33JfXtisSVrz6erTHaA1FYwMjHoPC22wG_O-wHZi81kwDRD6phPzJ4iCGm5O4SD6rLekQjkvu9hzD1eDpl1NJZBkvotDcP-WOm4NBto9D9SjH2B9Z8lxcQzJNj_3glMAXaFLEJ1R3ZjzEAMj7SDdZan5XVc2wBRFiHVVUEVf-tNzDMxnTQvp1oQFYc1li7tOsn1NypVMzL7cl6TV6y1UqspVP5oo91_KhdO6CLNdQ==&xkcb=SoCc6_M379yD7GzZjJ0ObzkdCdPP&camk=nUmJqO2E8rgpLKRYyuAZVQ==&p=5&fvj=1&vjs=3,unknown
unknown,unknown,unknown,unknown,unknown,unknown,unknown,unknown,unknown,unknown,unknown,unknown,unknown,unknown,unknown,empty_response_from_openai_api,https://nl.indeed.com/pagead/clk?mo=r&ad=-6NYlbfkN0AXCiHfjGETQpbOV2jaAPRzWTakb3NbI7RyhYY-M4HEn1IY3X4mberKzCdciDBRCg7ckv7N-CQLrgAZALP9yjOQazAQlAzP4QkbrSsEWnzOAoLoUmxJ6OttFgYe2esrMo5KpdmyW0lUlebSHSvzSoAmrR170Nya3n-oNx8yBB4Ooo_mDJ6j4cqfdQ96wD1dtUkFBQknCQM0KXro0h53Hn0xIi39BHj62gtKzYZyLNorP-2niMBmJjNupUxe431iqqKOmmQ_UA0FIt0X_aaH2T0qO4OG-fzJ-T5MK4qUX9N9IiTReGHGgYfNmGPRwOpkGQJlWxJX80wXhl2HcAzquIOZZEwwg3WLIuyMVRjQPP9no3nWAPZIyxxcqIgcHsZvsepPFqJxNt7jXKsYA1ZDVtPPYhdquSnbvCbaev9esujsPFaQOb54Ch24GLcTEXwwavzK3UUTjCGF8bRN3f2_HrYYrGGxmXvave_9nBsRnRZqgQqyVNOjGtSvJegJxI2wlAMOfUhHrMeJ8cdxeo4gtAodwJwDtscRolhX-jTnkZ0v9rkRD544F1QYMOqxCOLs7CI0-RLYgJJd6C1web5xqlKlaHhYhfZoNY7CwnsROnqW0VQhsY_ImFRkW8heeGi2z7Ulze5v_oC2ZHs7rpZPFzKfWRqXAmN4ZSWvnZRj70Ng3XNxHl5ostBJhkCpkLzmj0MVPQNOGSqe2k03qQXxCXsJ4p_8VnLoUgH_sGuxJlY3-svK1nAi1zWJ8sgk86JKCi_DGBQA6M0cHxYbJfEuBNOyDDJATs9tLFyswUHBiMuFQDR4urhjuBbEqcIv29skkCaM6BbAxcawQtg4h34QIbP8IR4icIln7mFE5tzXx-dHNQUtV4YT2kjyc2Sn97bPhfrY4sVIdMi_PuO9EN-y3QY3CMNo7LBtcz9xqx63G8hzHYL_3qP4qSPzKloX5nUDndM=&xkcb=SoAB6_M379yD7GzZjJ0NbzkdCdPP&camk=CPChkbYSGj-16Xpj9UBn6Q==&p=6&fvj=0&vjs=3,unknown
unknown,unknown,unknown,unknown,unknown,unknown,unknown,unknown,unknown,unknown,unknown,unknown,unknown,unknown,unknown,empty_response_from_openai_api,https://nl.indeed.com/pagead/clk?mo=r&ad=-6NYlbfkN0AXCiHfjGETQpbOV2jaAPRzWTakb3NbI7RyhYY-M4HEn1IY3X4mberKzCdciDBRCg7EXfwLuQJKe08Ly_4y0-ipbpylCPgBlLINvQEEP5s5teAM3RVr_v2x0zd3qJIDBlioXRImXZ8tYTzjT-jVTNK7Ol9ZJvlItjLH6xZLXzL5m9kOKE0IM2GDQfzV__Jp4YFBDTL_iSXoUTPYPQu0sQtBhEurDcE3wib4Ez67JgJJueHWa5ardz-XiJn99B6yxbWYJxiw-SbJQ8tijpdH45FOpDuWe_spIlwPoQwAXW5YK5F-sBedFTffWLbJEXCiL1mv8yaS-QInZOoxoYBSG_nJngNunLWKxKmNTiqJd8rt7bEOU9tFCuP9xoBY74FbkLfSAv9TAM1eZpEL9FHxtcfhXpsaEN4-E817d2XZ4f0W-PYSlGf-27o1xoJdQ-H6a_mhG69Lcnoc8W9uTrC7ZJNkdn2dbeAxV73FguBYapQmAs5Dxyu7HuqJYoaEL9sSEIq5nKpS8nGVUGllTzLbkd8dJs7a3vIQ1jwZDgSRarKfwSjLZbqk9SwsQ3Sz-jIcBJYWNOszxF33xhWr8C3lYJP2eOs9ZiGZTM59kw8TLuE5dOBIJ4lgn_a93d_wKwCCo3cLO3kGFTtOCqTKLlmZJx2WvLV1e9vrAZ-Sk2Pf_HSkMn3pr-UGb0AnypOPo5zmtvssVQcKzZYxdOrrqWiBUzoxa2qW_tXZCX6WHZ_xyytDEwaHc60MR6IZ-IM15cWBsuZs-nsbfbvT10wZk-tjHhlS_PzQXVpFBLxWAm1mNMmi3CKyJVNZjXDghit04qE6jOo1ki7nDqZkBZRHGICPiP8Oe5vYEdKi8PL9r3NMkC30ZvwRJmo11G7G7l-JBb30kOEGAH8zrknNp8ODxrNTBUXBUNQGdi-6EiNH80c2bq8TCw==&xkcb=SoC16_M379yD7GzZjJ0MbzkdCdPP&camk=CPChkbYSGj-16Xpj9UBn6Q==&p=7&fvj=0&vjs=3,unknown
unknown,unknown,unknown,unknown,unknown,unknown,unknown,unknown,unknown,unknown,unknown,unknown,unknown,unknown,unknown,empty_response_from_openai_api,https://nl.indeed.com/pagead/clk?mo=r&ad=-6NYlbfkN0DRVglgjhCLzZoRTlKvrSnHfaGEsg6MTZXfESYyHLvCpz3ev9ufl_oCMa8yFyUGt-GbPhWm-X8wSaJIPEtYWsY79UZgNXwoD7RspB4ExMqVU8vq4h74INajMeIJqHkDP_eGJ5hjnn4gy-e1fmNuzVnhNujFbYC1qwEo2466xn3-UJOmlzBKV_YDsPlO_mSUjVerel14QUdKXg7YgA_pXVXlNkXz4Tc1-1cxsvv0qPGaZwmNm69ePv7HWrRzzIMHJa_7bhF0hGM8Sxf55ZkuLX8YrfnvOLK_bVhaJcG3OogF5RY9Zx3nOVJ3WYdFd4lrgLab-lITElRxw61VjAvF7dhcQM9lmYlvBWk2O0Q4dZUa70fj6wBar4SuoRxIQPQQ8CiDpYF6h5pJV6Pn_7C5GerjEy8HXuHPmD-4pTA02yzo8mYkA3QDnDRSgyoh2qt_fVBg0FkNCI3BXfMbMfO30dN35CD7YE5wudd86GuWc6msegF4ys25LifeHYkGqXlfhKsJRxe2vcyWnWbQGTadUsPu016NYwvkXlsee71q4lfiAjRGQpsVb0-r92Tq3r3VSuRM5FChh_QCQc9mtLhOcRdseFbGvp6UGlbZkScqkflQ9eCDCNgCOKLAl4rle9KZSkuA7PS5w7yzGNTzLgD_vK0yNvzfgha_f4OBB9H8Y9kLnuqV-4t4AVYB&xkcb=SoBc6_M379yD7GzZjJ0DbzkdCdPP&camk=4HOcmqOLYrCbUZesZWW3wA==&p=8&fvj=1&vjs=3,unknown
unknown,unknown,unknown,unknown,unknown,unknown,unknown,unknown,unknown,unknown,unknown,unknown,unknown,unknown,unknown,empty_response_from_openai_api,https://nl.indeed.com/pagead/clk?mo=r&ad=-6NYlbfkN0CWwwhWsNgag-dckV10T59We5ewgskCLCq5uMp7vqWswZu24n_fUtRvzchXbqSiHjft9idf0w8f5fvPjQFkC218PFPu6WRXqWPDj-6dSMAACGSuLjmwQiF25iYXTOeUMm0Z4ensah7WqjF2IObo4PXVix7HQaP8zErIWZbQ9BloJwMKRCfyeSrJXJWl1e4UNRqUhRzhufsznetgPHMhD7fnHc9NJHSQiWOi_yIFsrXqQmfTZhNuPJj88SnK2Pf_O8FT1kbu20UwjQuUEfGrukKdBTxu4JcjL6KYItsw4NJO82s_QBgVgl6ruPrXkE-pQ2hGlS4Um4o1Fu0CYdiUjIOtX5VI3hOLK0HfOyinJONfEHeU12NjBcAVd_yEuTGA8BBFhAmMqPO4HQaAA7AdA2udZWNFNLfCL6K5CrEUrxsvyZpJKwlgDvFs8sSr-NKT7XoQPobg3b1_eHduw32jWWFUcwfivl3W31HWjYTtHzD2AKHB5XfE0BrNOFWHuHlvhdb2JUZVFs5W0_1K9xRJo9L7EGvR7l1MOInVEdjGIR4oXqadvyhvtXrqHD47UFxc_BU6HIzeSL0_MKfKGl1WHX8F9F6GISBpyfsu2ZBo-nO1Hy9LeCFVhTUQQTcdQYOvvv6lLs2IYA2p_1PAQ-pzOt5txnJBpYjf9HQ=&xkcb=SoDo6_M379yD7GzZjJ0CbzkdCdPP&camk=nUmJqO2E8riBHZU9Jm_JGw==&p=9&fvj=1&vjs=3,unknown
unknown,unknown,unknown,unknown,unknown,unknown,unknown,unknown,unknown,unknown,unknown,unknown,unknown,unknown,unknown,empty_response_from_openai_api,https://nl.indeed.com/pagead/clk?mo=r&ad=-6NYlbfkN0CPV2DcenltS1pkBl_pMyim6Xwkw0vnsRQ4HE8gG1BfL-124risiof9-RhUg7ZsznHvASm2wQvZRVwKWxFkd1fFbQFJAT-5sxRPGGGqAwxXfdCQIiz1KLY5iyLZX-ed8xujADyZlnA2OotizPB0qoHU9ePkbLv24-qHybEL3A6N8LugMyr2KD17pMmyp2qcmnreDaufHFpdpQDt5qHuv0HugwkscADhy30A1021ZIYv_xDNa0XAF20pPhI8Jd54Kgyxe7dDPn1o_GN6xNq23fWMlseAIqvM6k4HidPJ_TjFB9a8Ppt3kGxTW6-eolTw6RqoAaOXGIHLqTFP3p4q4N67UztEnJxrmiWk2HVrFp5E1U_4VFot7FK9A3JL4-F3rzs1Hta0yGMByiaDVCHsHryENjCRAKwa4BCFOwtLeZiApW4ClhbAwt2WWQUJco7hUPh3z2CQlm9WlOmUWk3yA2f7GhItOPBRnMA9-YyB0MYzghFloqIlIYC-c1VRaKOdu_afd3FlnR4gtiyP70ps-26P2sS_LWYmgtzl1J8oTtviTTaL89ufaes58nPgy_tveggs2giAF608IOUqiDrAz3w3x-HZTF8na3mbHiSV-EjaLZsph6R7L3_Fb4rmJRFhOBCgnSXChHXEGtG9HMsqiCeDF50pbhr0zWj48RD-aMOkLAxn4Epbdc4cmHHaa_5gP0MaXOtnirr0FiT2uuMM6ggyB3Tnz31fKrM8xdOYDQWcyI7d-lb3lTFRMWt_17wpVl_4ujz99n1ilEjVDxFhrTRdqg2w8JnquSagvjUnONrwDI0culkhhAAZVS0q9QFCYfR06-OIbT6tvEWLpqbc-5P2pEQ8sAsLFMhO6pWKxAvKJUlGkiBPYOURdm71qvb1q5ZLu0Zqa6Eql5vYaraFMRRfcePoZgiVUIUcbZvqGkHDP_dDrUdfLWU67XqDt0Inb8qHib9LcnZ42dmstTHJhx78kqCnBo9_zvOU8I_Z9E3g-m1VCanp9E0Hp0uPgR2Jrkl6gGiFs7LUdkxZeoHzdzc5HmUq1b4J8bA=&xkcb=SoB16_M379yD7GzZjJ0BbzkdCdPP&camk=f416UQcMBpCsoymruz78iw==&p=10&fvj=0&vjs=3,unknown
unknown,unknown,unknown,unknown,unknown,unknown,unknown,unknown,unknown,unknown,unknown,unknown,unknown,unknown,unknown,empty_response_from_openai_api,https://nl.indeed.com/pagead/clk?mo=r&ad=-6NYlbfkN0DxtXr6clpO8X4dlJistf8eFtJLd_vZbZUinTLqJQFeOHrpU4K0LyBdv569cXsKmUdA0Du6j8JjEKSEMZUV22PiafsV_55Zif8zwiwA84RInfhuhF-IwnBJ5nksWvsU7AAXXMB446bZq3NmSblFqV66YGOo25ks59cs64tqyJXZbVfKrYmBHMO8_ccvbWNVtFeWJnkT8AcLJGEgNbzywhgXPA3jMXWcstIut0fwQ9Hz16N7D6oKEy0dCa984WfysB0h9TY3WDj_iDFWtx085eD7ZDZ7sMBqbX-q_51oEfIxrUyc327fU9rWX1WMv2Sr7dRGnNU19Ng0pvCwh3Nuo6MNcR4PzsX-qspC7Q2OGzqWgxltkaf-taxUmuu3X8yfcyNl8L3Vp2STw1S-RI3o6Gw-Bsz-DzvcXIniWBt5g3iKPXCNi7ZAwl5b3UcydN5Wdgga31EIlkVt7whAWQEEBhaur8UFnRr-PjxbhBI1mxXJFuAuXOBSj9a5MJcC2lS2Gcn3oXz0UuTH7uI_wHaQxLSy3UobontQTSCU7wEtloOQfJbXg3N5GrTcyrba3nKyjQqoUKE8Jac7G97hmhF0WQzvcFn5e_ju84flSwOA1ukJU5ydy5rU9sks9fxGHz2GxaW6pei1rY7DZ899C5t2FjAK&xkcb=SoDB6_M379yD7GzZjJ0AbzkdCdPP&camk=CPChkbYSGj-C0xZl3Eyk9w==&p=11&fvj=1&vjs=3,unknown
unknown,unknown,unknown,unknown,unknown,unknown,unknown,unknown,unknown,unknown,unknown,unknown,unknown,unknown,unknown,empty_response_from_openai_api,https://nl.indeed.com/pagead/clk?mo=r&ad=-6NYlbfkN0BJ5-qWh19IJi0wJ7vEQTrsVBymHFWG2dk-KOmfbb4RMtaHLWgVz9sq5OI2slkBKrbUUgGjbVIuXXbEf5aveiz4CvJw9JmvE5rEoVC6Qy15OkmA389iEHCxSO9gAqWx5ADt1y_ETMbVO39oin6Y8DfLXV-Rovw7y-pjemtvR8xdFbhXZWQL62Ak5Q3lV5ny9PAtTwxgONE4VAxr0ZlZFA6psYW8xa7NCHhWAxHUyclLd36ICZAMfwGGFdcbQTFNOsit2ffHfUXSvVAn_wjLyS08EsBOY-2c32MEwwS3XPuQ8S92zkgyJxxN_bzx4upMHQrYy2Jlzcj4u4TfO2-IMszDU_C728K2JwegZwcxXTgUDy89UcbSlA1sRJhvez9r0XfAZyhV0dJo91CXFq5wpxUnd92MaPAJXDO_5Irfu0OxAs1dtPnZ2egFwzSEa5t6qCXeBQ52uh5KsvFa0B5fFnJCwfXk5ts1wnlk7f1p6MDFD9dpPeDT7eH8iLt93xJihHaMvIpRv-8wj0UG0_cuC0Ny9qNbqFa5Al-SmUKtqoYhKwBpsT0TSFNssXSW1Y-ftAx9AO_LBC89kM39RVXGCq7ut8madN8CnuqcivqpOLkJutDZ-zy-ExFPSOSpUOWC-nyU_lMU_c5LpbFQ_ohztOlkkRDPmj95GQmwwgL5xXH4juYDYGoz42zFKCvS8dzVHIyZS7MlcI-MTlxkqRtEh-Saihvz-qweAuOeARLuwkwBkAgI-gIOxD6EHl9h-FMwKShZMIoa1BE7w34EceHjfmMjGy2SZT-2SJjc8Jn1wGCylf7v-9-F74XMNPd3nV4Yxn9PgmP7-nDfN0BfRM5nzXSji1D-8fPENUhd5ybTqvM1t1afLjILjGuUJI7BUvlqb_xC17cGZLMHzCedSwR24Km8kOkHoQQOHvaAsfzUNwkwy260eN6L1-AM75_E2UU-wZnDcCsHV5OZtT7BmK-N4pPFq4YXQlkojJc=&xkcb=SoBP6_M379yD7GzZjJ0HbzkdCdPP&camk=nUmJqO2E8rhl-A-3Di5h3Q==&p=12&fvj=0&vjs=3,unknown
unknown,unknown,unknown,unknown,unknown,unknown,unknown,unknown,unknown,unknown,unknown,unknown,unknown,unknown,unknown,empty_response_from_openai_api,https://nl.indeed.com/rc/clk?jk=20373e7553493f35&bb=lOS-tClCsFoFFCQYiJCaj390tVxLX-MO5ezeKqqDQ3KokxVTkCdpxJBibkqeRmS66-1TocGe8iDFNN_5br_l41nppUhNo6XpFzkTKn-8aXXFbd3kP2HWDoBX415uSXrN&xkcb=SoAP67M379yD7GzZjJ0GbzkdCdPP&fccid=1747bb6b3fe39959&cmp=Maxdoro&ti=Developer&vjs=3,unknown
unknown,unknown,unknown,unknown,unknown,unknown,unknown,unknown,unknown,unknown,unknown,unknown,unknown,unknown,unknown,empty_response_from_openai_api,https://nl.indeed.com/pagead/clk?mo=r&ad=-6NYlbfkN0CPV2DcenltS1pkBl_pMyim6Xwkw0vnsRQ4HE8gG1BfL7J3S_w6pg82N-S6wD26pnHYsxiKHZoCtxow1npmatiUoI6AMQnVpXcFRxH0CbrN09h5h8IY1VtpzTt1mxdNxEKkn-Wcxrc1qpfYgBEawMakDcWFFICilNloHijY-33Ui0E1m0RuuYKGLl2k192EXYloyz8AxUM6grMpc6PuYMT5_DXVDWf1BUXVIVcUH3clEjUlZPqO4usx0BsI8dlkXgKnv-30OvkdDYX1oRDdbsu-ajSHkEHyYcE0SsNvH2TE4f74S8IDIqXKD_Zi47BIvT6b3-Di659YB1HwYr7gZbzng8aQRfthxaphccxTp8GRSkPM_uq0MtAp3lCbUNIPunRj0ie4ISrTQSnw8NieKKy-FKX0qprt58wwxp3ifjLNa_3x6-mx7Kj92t7wxdOnRfRhHMOfvoeeYM725wwBW1ID8tpPptmgMZAauq7BCJtbR9oEtO3JIRx3UbQibCXYWJ2ldaG6YRbTLo07LBETlKGLeurB-CU45UHujgEYCZByOybFiHNS8BgzP7CWS5mE-auJlPpL15DRAkquan57bjTgG-krHGWDjhvPavOlG5LJO1l-5BRLla4U63XsRPoVx0rXRSDa_Fug0KBdZRsVZl7j9C6g0ab9ED5HPpdWi2sCD51KnykXJuKOycL7o6WUkF1prlHEF6IqO59LV2KHhOtA-vTpVZP6YhM2pUQumj5TmPIz6_sv8sBVIy8MyFWnwLRoiKHRZryOsPbHzOxC2rWLEOsleoDxQ0f5FrqkQ9Gb2z3YOZQJhU1CPwmJ-aaRO_IKu6c1pdoLP6-usA8XYxlOmUmT91kgHGmQAEojp2aT01o-p8w3oLxUweMdryZGhhVTXuYZ-gdsPknRT0UcB14OYaj_WBewZ4meJRAC2qjUtRI1KhNknz50YS4e6u2ZBThjWQyk0KqILEGejyBOkIwMPh66ynEN8Q4GpWGKfjM6Vem6TWgPgS5JFinHHS6FeS6I0VCqblWcd5unsTQI4olhAYxw6N-E2-q9b0CYma1IfDlxk6kTS2lj&xkcb=SoBm6_M379yD7GzZjJ0FbzkdCdPP&camk=H-lBaXMUocIr3Ea6Le__cQ==&p=14&fvj=0&vjs=3,unknown
