Title,URL,Description
Python Developer,https://nl.indeed.com/pagead/clk?mo=r&ad=-6NYlbfkN0A_cWh5ufxJCEatf9FOtgdwl-LajcKrnY3NwdklpeSDnnCE9EfVlo8THEY14bSJJcVtbJFLaxyKNvFG_Pk8geFv5BWgDGaIk1L6gDG1Xi3h0b8qRrc4HjcAUfaYeXFHSepwBsA04yyyhUW4Fom5MYo7VpsLWM-JZmHHvVjRp_JnQFoi_KmfE-aVWIf5zzT_Ljr0BPYv9dLJzQ3iRpCDWgwEdCt18Ag23bfc02ADh7yUEqAYfJz4Ib6TlST_WmBe52AwWaoeD0tenOwJFA3GtVNgv_tWAvMYQtap7bsjzR7RHVD3-2_pUQG4ciTPnwLeEJpiZ6898MPXmXxzGtgL-6MNasG3DHPMxyiJZqjTLpbpQC_NkEBLDgb713uf7pE0zTZVHnKKBYVBUcGzdc_eDwhHxAbOIJZaBg2kbwuUpNDsc0rcsQWf9l1BGP9CfWvdkmzCR27MUtao-X2WZqkUSS6FJTWnLyagkn-ZaSA3s-aZW0vsLhaSQ2gRcpfcrs48FmzU87LZPnDBzxL0cpLdH69YrDPeu255DX3yHP0uKyFkjlJ0l9ETfzoeMkttzTk2QS5Rj6XgccrQPYuY9o8acekMwnIn8iCf-jKcwC_vTJf2j4oYyW4qO2bAFRvD4sM_0OrxY0Q5XgvJkU3au8KegiG7FsBkFKi5j63gykigm2ksXcB4t78oiRY33jQfKDZLTiUNnYKV1HZOMkr6cf3zfFRxrEd0bOiHmgzCkdV8FCIPMefD3jWLDoeIIRSiDkYnNvH4k1ksItPESxcFZPV7-zH8df40Vz9wpL0P3XkWTRRwaUpBRKpLIcvnNxwOtHIbbuKruPLC5XXwKJUkkWo9f_vQt8FTT8DvD8r3J1dFvP__DGgqwIVo0-6VA5EKq4dOMk9qszyP4--rJEdiRhTKXSlzMgNUkHbbF6hZDXIlHg0IiWv3Pkva8LKf2fHhxTJjJGsU-EMNymBaSe51vXOOfKaU&xkcb=SoAi6_M37_0junwkhZ0LbzkdCdPP&camk=xqnMBGaf-K8BRMsUWkigAg==&p=0&fvj=0&vjs=3,"Python Developer Locatie Amsterdam & nbsp ; Volledige vacaturetekst Python Developer glance strong passion data agree data core creating value customers ? working complex environment data offering dat platforms make happy ? come help us unlock power data Data & Analytics Platform ( Digital Integration & Access Layer , DIAL ) within Platforms & Technology ABN AMRO ! job Python Developer responsible developing implementing crucial functionality DIAL platform . work closely development engineers , system administrators , security professionals ensure platform meets ABN AMRO ’ needs adhering best practices scalability , reliability , fault tolerance security . Working environment Platforms & Technology ABN AMRO 's Internal ( ) Service Provider delivers state art optimal technology , easy consume services , end end control & oversight .. P & service-based organisation , providing ABN AMRO employees grids reliable , control , business-enabling , easily adaptable future-proof platforms & technologies consumed via self-service mechanism allow shorter time market ( new ) functionalities . become personal bank digital age departments Platforms & Technology part deliver future proof foundation landscape . grid Data & Analytics Platform within P & delivers platform capabilities related data distribution analytics . profile looking colleague proven experience Python Developer focus Python Django framework . also someone following profile : Strong understanding CI/CD principles practical experience setting maintaining pipelines Demonstrable experience maintaining code quality best practices code reviews Solid analytical problem-solving skills ability design efficient solutions Excellent communication collaboration skills . Ability mentor guide junior developers . Experience working Cloud Technologies preferably Microsoft Azure Experience working application high availability requirements Experience Agile way working Experience working DevOps teams Team player eager share expertise teams offering gross monthly salary displayed based 36-hour work week , including vacation pay benefit budget . Benefit Budget 11 % salary . Benefit Budget allows acquire additional employment benefits . make purchases reservations Benefit Shop given month , paid one twelfth Benefit Budget month . Five weeks vacation per year . option purchase additional four weeks per year . Personal development Budget € 1,000 per year , accumulate € 3,000 . Possibility work home ( consultation team depending position ) . annual public transport pass free public transportation throughout Netherlands . excellent pension scheme . Interested ? hesitate approach us details , apply directly ! Please contact Abhilash , Lead Data & Analytics Platform ( DIAL Engineering ) via abhilash.m @ nl.abnamro.com Carel Oort , Product Owner DIAL via carel.oort @ nl.abnamro.com Equal opportunities success organisation depends quality people ideas . Truly surprising insights innovative solutions clients result interplay cultures , knowledge experience . Diversity therefore extremely important organisation . ensure everyone ABN AMRO develop talents , encourage inclusive culture colleagues feel engaged appreciated . Disclaimer external recruitment agencies External recruitment agencies must signed agreement ABN AMRO BANK N.V. , issued Talent Acquisition Specialist , order submit CVs . Acquisition therefore appreciated . & nbsp ; Python Developer glance strong passion data agree data core creating value customers ? working complex environment data offering dat platforms make happy ? come help us unlock power data Data & Analytics Platform ( Digital Integration & Access Layer , DIAL ) within Platforms & Technology ABN AMRO ! job Python Developer responsible developing implementing crucial functionality DIAL platform . work closely development engineers , system administrators , security professionals ensure platform meets ABN AMRO ’ needs adhering best practices scalability , reliability , fault tolerance security . Working environment Platforms & Technology ABN AMRO 's Internal ( ) Service Provider delivers state art optimal technology , easy consume services , end end control & oversight .. P & service-based organisation , providing ABN AMRO employees grids reliable , control , business-enabling , easily adaptable future-proof platforms & technologies consumed via self-service mechanism allow shorter time market ( new ) functionalities . become personal bank digital age departments Platforms & Technology part deliver future proof foundation landscape . grid Data & Analytics Platform within P & delivers platform capabilities related data distribution analytics . profile looking colleague proven experience Python Developer focus Python Django framework . also someone following profile : Strong understanding CI/CD principles practical experience setting maintaining pipelines Demonstrable experience maintaining code quality best practices code reviews Solid analytical problem-solving skills ability design efficient solutions Excellent communication collaboration skills . Ability mentor guide junior developers . Experience working Cloud Technologies preferably Microsoft Azure Experience working application high availability requirements Experience Agile way working Experience working DevOps teams Team player eager share expertise teams offering gross monthly salary displayed based 36-hour work week , including vacation pay benefit budget . Benefit Budget 11 % salary . Benefit Budget allows acquire additional employment benefits . make purchases reservations Benefit Shop given month , paid one twelfth Benefit Budget month . Five weeks vacation per year . option purchase additional four weeks per year . Personal development Budget € 1,000 per year , accumulate € 3,000 . Possibility work home ( consultation team depending position ) . annual public transport pass free public transportation throughout Netherlands . excellent pension scheme . Interested ? hesitate approach us details , apply directly ! Please contact Abhilash , Lead Data & Analytics Platform ( DIAL Engineering ) via abhilash.m @ nl.abnamro.com Carel Oort , Product Owner DIAL via carel.oort @ nl.abnamro.com Equal opportunities success organisation depends quality people ideas . Truly surprising insights innovative solutions clients result interplay cultures , knowledge experience . Diversity therefore extremely important organisation . ensure everyone ABN AMRO develop talents , encourage inclusive culture colleagues feel engaged appreciated . Disclaimer external recruitment agencies External recruitment agencies must signed agreement ABN AMRO BANK N.V. , issued Talent Acquisition Specialist , order submit CVs . Acquisition therefore appreciated ."
Full-Stack Developer,https://nl.indeed.com/pagead/clk?mo=r&ad=-6NYlbfkN0DSb5vo1R_-L5OpjKMtYuJAAhWPCuiKyYrNS-1bYNxjpgqEfsA9np8nE0TBIVNLlsEyhEngqPIvrKGu2SEkpwon2WPJKKToJlmorooxeSRz4zaj52X6qSs9Bp7ZOpIFKnyDxehyf7rZdnMzQrLtguPvcDgGb6XjDa4_-RWPPV3oGnusccPUVjLxdSb7Crp-73TICq3pxywO5Hfwc082IbZKZVmPLlLqWizBI53NUdcIJVK_5plnYrMoLjSwu2ZHKmM5og2V3kiq-PpvVk9FyCuU7fSCQJTMllxRCUWQD0lw6-FEsXHxMC4tOy-QYOuacSuHRyA_jkyZZiE_c9WnxceqDIPi3on1mLp0RGfr4qm8xmYslERqkJVNW8bJnU_HvNR9apdrPQQbFx1IcbxE1MmXQ7jFSuUL-3DCqAuSEOF9xVkSBe_63HNxeuLkBpfTDld60DRAyNeDZyk6FneBf3U4HiWqss08i2mggXqMI3zt2vwoy81QT814tkszlcrnxPaT9a8eFQOgN3vUb4ATh6BxZ0Z3NU-aCzkey-fU-0tkCn3hp5KaDPehG2afseZlcI-SUudIcT8jymtTtAtePafjLR0eKWGq9r8jhJDlk2DbBc9jHcAK1_1zvYzeB4UAux5rWQHy1vaK5pOO1gzOiKsv-OQJ9tcmyBp9-SCOJqoYKpzKukXkMoD3_UAkUitCyjt_AvFMe0VVs138RFt6IfuDW8EPamft540dCMoo1020HQJ0nVRmwNynRvkrrrdLJ3yWV3QrFNvS2qDic7iA0k_XibRPf2g3m1dYLQ0CIa5xHCmtbWKLlxRM23QC-eLvgEvWFTcGfr6e7cMTHR9gz5Fp&xkcb=SoCW6_M37_0junwkhZ0KbzkdCdPP&camk=xqnMBGaf-K_SPHpsmNn92g==&p=1&fvj=0&vjs=3,"Full-Stack Developer Vacaturegegevens Kijk vacaturegegevens overeenkomen profiel . Salaris € 3.400 - € 5.600 per maand & nbsp ; Locatie Utrecht & nbsp ; Volledige vacaturetekst jij enthousiaste ervaren Full-Stack Developer klaar nieuwe uitdaging ? jij werken organisatie streeft positieve maatschappelijke impact ? wij zoek jou ! Jouw dagelijkse uitdagingen : Full-Stack Developer verantwoordelijk ontwerpen , ontwikkelen implementeren softwareoplossingen , zowel frontend backend . zult samenwerken verschillende teams innovatieve efficiënte oplossingen leveren voldoen behoeften onze klanten . Verder omvatten jouw taken : Ontwerpen ontwikkelen zowel frontend backend softwarecomponenten . Vertalen UI- UX-ontwerpen werkende Front-End web-applicaties . Samenwerken verschillende projectgroepen technische specificaties begrijpen implementeren . Zorgen integratie gebruikersinterfaces applicatielogica . Identificeren oplossen technische problemen bugs . Onderhouden codebase technische documentatie . Werken Agile team bijdragen verbetering workflows . Jouw unieke voordelen : Groei : We helpen persoonlijk professioneel verder groeien middel coaching , mentoring , opleidingen workshops . Evenwicht tussen werk privé : jouw leven balans , flexibele werktijden regionale projecten . Excellence Community : Wij zeer regelmatig contact onze IT-specialisten , organiseren herhaaldelijk bijeenkomsten , borrels , barbecues sportactiviteiten . Variatie : Jouw projecten toekomstgericht inspirerend , we bieden jou verscheidenheid projecten groot aantal branches . Diversiteit : Wij multiculturele onderneming . Wij ervan overtuigd veelzijdigheid diversiteit onze wereld verrijken . Impact : Jouw werk maakt echt verschil wereld levert echte meerwaarde . Salarisindicatie : Afhankelijk jouw ervaring kennis betreft salarisindicatie 3400 5600 euro . Jouw profiel : hebt minimaal HBO werk- denkniveau . hebt aantoonbare ervaring Full-Stack Developer . hebt kennis programmeertalen zoals JavaScript , Python , frameworks zoals React , Angular , VueJS . bent bekend databases versiebeheersystemen . beschikt probleemoplossende vaardigheden hebt aandacht detail . beheerst Nederlandse taal zowel spraak geschrift uitstekend Engels beheers goed . Excellence : Excellence AG projectenorganisatie vestigingen Nederland , Duitsland Oostenrijk . Excellence AG Nederland actief vanuit Utrecht . onze Nederlandse internationale ervaringen wij uitgelezen partner zowel bedrijven IT-specialisten . internationale technologiepartner engineering & IT Exellence jouw weg inspirerende projecten waarin jij verschil maakt . We actief 9 verschillende branches wereldwijde bedrijven wereldmarktleiders middelgrote bedrijven moderne plannings- ontwikkelingsprojecten . diverse team 300 collega 's komt 48 landen verenigd enthousiasme technologie duurzaamheid . Onze missie `` IT'ers redden wereld '' we bieden jou Green Jobs - Join Excellence ! ondertussen enthousiast geworden Excellence AG ? Solliciteer specifieke vacature creëer vrijblijvend sollicitantenprofiel onze website . vragen hebt , neem contact Luna Vos 06-11284580 per e-mail `` luna.vandervos @ excellence.ag `` . We maken graag kennis ! & nbsp ; jij enthousiaste ervaren Full-Stack Developer klaar nieuwe uitdaging ? jij werken organisatie streeft positieve maatschappelijke impact ? wij zoek jou ! Jouw dagelijkse uitdagingen : Full-Stack Developer verantwoordelijk ontwerpen , ontwikkelen implementeren softwareoplossingen , zowel frontend backend . zult samenwerken verschillende teams innovatieve efficiënte oplossingen leveren voldoen behoeften onze klanten . Verder omvatten jouw taken : Ontwerpen ontwikkelen zowel frontend backend softwarecomponenten . Vertalen UI- UX-ontwerpen werkende Front-End web-applicaties . Samenwerken verschillende projectgroepen technische specificaties begrijpen implementeren . Zorgen integratie gebruikersinterfaces applicatielogica . Identificeren oplossen technische problemen bugs . Onderhouden codebase technische documentatie . Werken Agile team bijdragen verbetering workflows . Jouw unieke voordelen : Groei : We helpen persoonlijk professioneel verder groeien middel coaching , mentoring , opleidingen workshops . Evenwicht tussen werk privé : jouw leven balans , flexibele werktijden regionale projecten . Excellence Community : Wij zeer regelmatig contact onze IT-specialisten , organiseren herhaaldelijk bijeenkomsten , borrels , barbecues sportactiviteiten . Variatie : Jouw projecten toekomstgericht inspirerend , we bieden jou verscheidenheid projecten groot aantal branches . Diversiteit : Wij multiculturele onderneming . Wij ervan overtuigd veelzijdigheid diversiteit onze wereld verrijken . Impact : Jouw werk maakt echt verschil wereld levert echte meerwaarde . Salarisindicatie : Afhankelijk jouw ervaring kennis betreft salarisindicatie 3400 5600 euro . Jouw profiel : hebt minimaal HBO werk- denkniveau . hebt aantoonbare ervaring Full-Stack Developer . hebt kennis programmeertalen zoals JavaScript , Python , frameworks zoals React , Angular , VueJS . bent bekend databases versiebeheersystemen . beschikt probleemoplossende vaardigheden hebt aandacht detail . beheerst Nederlandse taal zowel spraak geschrift uitstekend Engels beheers goed . Excellence : Excellence AG projectenorganisatie vestigingen Nederland , Duitsland Oostenrijk . Excellence AG Nederland actief vanuit Utrecht . onze Nederlandse internationale ervaringen wij uitgelezen partner zowel bedrijven IT-specialisten . internationale technologiepartner engineering & IT Exellence jouw weg inspirerende projecten waarin jij verschil maakt . We actief 9 verschillende branches wereldwijde bedrijven wereldmarktleiders middelgrote bedrijven moderne plannings- ontwikkelingsprojecten . diverse team 300 collega 's komt 48 landen verenigd enthousiasme technologie duurzaamheid . Onze missie `` IT'ers redden wereld '' we bieden jou Green Jobs - Join Excellence ! ondertussen enthousiast geworden Excellence AG ? Solliciteer specifieke vacature creëer vrijblijvend sollicitantenprofiel onze website . vragen hebt , neem contact Luna Vos 06-11284580 per e-mail `` luna.vandervos @ excellence.ag `` . We maken graag kennis !"
Java Developer,https://nl.indeed.com/pagead/clk?mo=r&ad=-6NYlbfkN0DOA4tO99L-MhY6gQC2OUHal7OK87CicMfZT7oQ9CaZWfFl74w35BgoX2FF0qGIYxJGSm2Qp8ddsM6854Q1Jr_kMBKtQsfv5GxoGR1qTVoFqpVIZLCkU1Zte6-1ub0pGL5MlvQMCIfNetdG49ghX3oHIHpnRuO702gZ0Zu_E_9twToEK710HvtLaj6-wjgTNZD2hqtBTP0hQYTVQ9bF0-Ka4ijZ7kV_KGzhuQDeuDShRT-SmyiNyDzf5lCirF8HDIbYHFfkqYB_HKQ1PD5DAmLmgGyaRNoFaMIhEpjPsqgkQxDPsUDQ8YQng4Nnk_lr1CysYExvwSEcctLQwHGm1QXXEOk4rZOUxZCvIPNXA7bAwXo_giIwgoN0sOLQtuCiRK9IudhghINv-_VA3q8HLgcbpPwEJnfL-r3IEnYx_b8yHXUCZvmsMrjZi9WMMbIQYSckOiNOZSvDl12sNDRHO5Xsfyj4vokSy7cgH5qtljxIIG3kLdgK5GdIbYK57AP7k-9hbSqzdFOHxnU0TpbpxXMUndA-ozi5osP-GY3feiJXk0zBlMFlHbLMnfRdd5DdltN5xT_P-zjYYMnX9n5KDqt0AjMe-0_qwdoANQydF_dq414vtOn6_bSpM8W0xSf5h2_bLO5IwrBFS74H5biDbE3G-MvbdJp0XA_obQoJb58FKvJJiZJQjFmhkanMXfxvweYO4EOQidXF8_I5TOVIQKiGPOqySTaCVTLKedA0E2mcQofO0QGnCJ5fnc0d1zjp1JtjgPwtvGqyQ9u3xhKYKdYqqNko0xS1CXIAqgjFh8c8oQm5axAg_VQTLczX_q9P0_oQD1jBpYk6GFn2ysOif-W5DE4kAnOJY34tJnZK0HeZNLU2CGcHJZokbLJ016fWOlo=&xkcb=SoAL6_M37_0junwkhZ0JbzkdCdPP&camk=f416UQcMBpBllThQ-TemyQ==&p=2&fvj=0&vjs=3,"Java Developer Vacaturegegevens Kijk vacaturegegevens overeenkomen profiel . Salaris € 4.000 - € 6.000 per maand Dienstverband Fulltime & nbsp ; Locatie 2421 Nieuwkoop & nbsp ; Volledige vacaturetekst Staat uitdaging jou eerste plek ? Hou jij ervan nieuwbouwprojecten werken ? jij jongs af bezig software ? Lees even verder , Techforce1 zoek bevlogen engineers weten D DNA staat Development . Functieomschrijving Techforce1 werk opdracht gave innovatieve opdrachtgevers cutting edge technologie . Daarbij maak gebruik technologieën Spring Boot , Docker , Kubernetes , geavanceerde pipelines etc . Wanneer project overgaat beheer dragen wij graag weer onze opdrachtgevers . gemiddelde duur opdracht vaak jaar . Natuurlijk stemmen we nauw jou af opdracht uitdagend voldoende persoonlijk ontwikkeling kunt doormaken . uitdaging minder plaatsen we onze opdrachtgevers . werkt opdrachten toffe organisaties grote multinationals overheidsinstellingen , gave start-ups scale-ups . gaat vooral slag nieuwe functionaliteiten , migraties grote upgrades . bent verantwoordelijk complexe systemen IT ketens binnen IT landschap onze klanten . Jij blijft jezelf uitdagen continu bezig blijft nieuwbouwprojecten . Jij hebt leiding jouw eigen ontwikkeling , kiest eigen opleidingen beslist mee jouw opdrachten . Bovendien krijg jij vrijheid volop mogelijkheden toegereikt . Wij vragen Uitgebreide achtergrond open source-technologieën . leert zeer snel tackelt problemen stressbestendige attitude . neemt graag verantwoordelijkheid doet . bent transparant ; zegt denkt . Twee keer meten , 1 keer zagen ; prefereert ‘ doing it right ’ boven ‘ doing it ( too ) fast ’ . hebt continue drive kennis bouwen leren mensen heen . Wij bieden salaris tussen €4000 €6000 bruto per maand , afhankelijk jouw kennis- ervaringsniveau . Kennis belangrijk , daarom voorzien we mooi opleidingsbudget kunt besteden cursussen opleidingen jij belangrijk vindt . kans samen richting bedrijf bepalen collega ’ s . Vrije keuze betrekking tools nodig hebt succesvol . Denk vrije keuze m.b.t . laptop toegang abonnementen vakbladen sites . Mobiliteitsbudget ruime mogelijkheden . Fantastische beurzen , kennissessies legendarische ( internationale ) teamevents prettige informele sfeer . Uitmuntende winstdelingsregeling ( +/- 2 maandsalarissen ) . Techforce1 Techforce1 hechte club bevlogen engineers missie : ontwikkelen , inrichten stroomlijnen foolproof applicaties , processen architecturen . Systemen waar – juist realisatie ervan – omkijken hebt . idee eersteklas dienstverlening . Eigenzinnig , communicatief , mondig ; onze DevOps engineers alleen technisch ijzersterk , allereerst vooral teamspelers . Collega ’ s waar hebt . helder ogen doel weten samen sterker staat . Collega ’ s bouwen . uitdenken architectuur , goede banen leiden migratie bewegen vorm Cloud , we klaar . Goed uitgerust . Thuis ontwikkelen applicaties ( Java , Kotlin , Python , etc . ) , bouwen Continuous Integration & Delivery Pipelines inrichting nieuwe ( Cloud ) omgevingen ( tools Ansible , Kubernetes , Puppet , etc ) . Jouw nieuwe baan via JouwICTvacature Techforce1 werkt samen JouwICTvacature sterke toekomst professionals ICT , Finance , Sales Marketing . JouwICTvacature begrijpen waarde werkomgeving waar gezien , waar uitdaging vindt , waar ruimte ontwikkeling waar groeimogelijkheden samen goede werksfeer centraal staan . solliciteren via JouwICTvacature krijg direct toegang uitgebreide netwerk werkgevers . sollicitatie komt rechtstreeks terecht — JouwICTvacature biedt vervolgens ondersteuning introductie , verstrekt waardevolle achtergrondinformatie , helpt navigeren carrière , bereidt gesprekken staat tijdens onderhandelingen jouw volgende carrièrestap realiseren . geheel kosteloos vrijblijvend aangeboden . jij geïnteresseerd bovenstaand profiel ? Techforce1 ziet graag jouw sollicitatie tegemoet ! middel klikken solliciteerbutton kom overzichtelijk sollicitatiescherm waar direct reageren vacature Java Developer . & nbsp ; Staat uitdaging jou eerste plek ? Hou jij ervan nieuwbouwprojecten werken ? jij jongs af bezig software ? Lees even verder , Techforce1 zoek bevlogen engineers weten D DNA staat Development . Functieomschrijving Techforce1 werk opdracht gave innovatieve opdrachtgevers cutting edge technologie . Daarbij maak gebruik technologieën Spring Boot , Docker , Kubernetes , geavanceerde pipelines etc . Wanneer project overgaat beheer dragen wij graag weer onze opdrachtgevers . gemiddelde duur opdracht vaak jaar . Natuurlijk stemmen we nauw jou af opdracht uitdagend voldoende persoonlijk ontwikkeling kunt doormaken . uitdaging minder plaatsen we onze opdrachtgevers . werkt opdrachten toffe organisaties grote multinationals overheidsinstellingen , gave start-ups scale-ups . gaat vooral slag nieuwe functionaliteiten , migraties grote upgrades . bent verantwoordelijk complexe systemen IT ketens binnen IT landschap onze klanten . Jij blijft jezelf uitdagen continu bezig blijft nieuwbouwprojecten . Jij hebt leiding jouw eigen ontwikkeling , kiest eigen opleidingen beslist mee jouw opdrachten . Bovendien krijg jij vrijheid volop mogelijkheden toegereikt . Wij vragen Uitgebreide achtergrond open source-technologieën . leert zeer snel tackelt problemen stressbestendige attitude . neemt graag verantwoordelijkheid doet . bent transparant ; zegt denkt . Twee keer meten , 1 keer zagen ; prefereert ‘ doing it right ’ boven ‘ doing it ( too ) fast ’ . hebt continue drive kennis bouwen leren mensen heen . Wij bieden salaris tussen €4000 €6000 bruto per maand , afhankelijk jouw kennis- ervaringsniveau . Kennis belangrijk , daarom voorzien we mooi opleidingsbudget kunt besteden cursussen opleidingen jij belangrijk vindt . kans samen richting bedrijf bepalen collega ’ s . Vrije keuze betrekking tools nodig hebt succesvol . Denk vrije keuze m.b.t . laptop toegang abonnementen vakbladen sites . Mobiliteitsbudget ruime mogelijkheden . Fantastische beurzen , kennissessies legendarische ( internationale ) teamevents prettige informele sfeer . Uitmuntende winstdelingsregeling ( +/- 2 maandsalarissen ) . Techforce1 Techforce1 hechte club bevlogen engineers missie : ontwikkelen , inrichten stroomlijnen foolproof applicaties , processen architecturen . Systemen waar – juist realisatie ervan – omkijken hebt . idee eersteklas dienstverlening . Eigenzinnig , communicatief , mondig ; onze DevOps engineers alleen technisch ijzersterk , allereerst vooral teamspelers . Collega ’ s waar hebt . helder ogen doel weten samen sterker staat . Collega ’ s bouwen . uitdenken architectuur , goede banen leiden migratie bewegen vorm Cloud , we klaar . Goed uitgerust . Thuis ontwikkelen applicaties ( Java , Kotlin , Python , etc . ) , bouwen Continuous Integration & Delivery Pipelines inrichting nieuwe ( Cloud ) omgevingen ( tools Ansible , Kubernetes , Puppet , etc ) . Jouw nieuwe baan via JouwICTvacature Techforce1 werkt samen JouwICTvacature sterke toekomst professionals ICT , Finance , Sales Marketing . JouwICTvacature begrijpen waarde werkomgeving waar gezien , waar uitdaging vindt , waar ruimte ontwikkeling waar groeimogelijkheden samen goede werksfeer centraal staan . solliciteren via JouwICTvacature krijg direct toegang uitgebreide netwerk werkgevers . sollicitatie komt rechtstreeks terecht — JouwICTvacature biedt vervolgens ondersteuning introductie , verstrekt waardevolle achtergrondinformatie , helpt navigeren carrière , bereidt gesprekken staat tijdens onderhandelingen jouw volgende carrièrestap realiseren . geheel kosteloos vrijblijvend aangeboden . jij geïnteresseerd bovenstaand profiel ? Techforce1 ziet graag jouw sollicitatie tegemoet ! middel klikken solliciteerbutton kom overzichtelijk sollicitatiescherm waar direct reageren vacature Java Developer ."
,https://nl.indeed.com/pagead/clk?mo=r&ad=-6NYlbfkN0CPV2DcenltS1pkBl_pMyim6Xwkw0vnsRQ4HE8gG1BfL-124risiof935WyLQPUExCC7bEK0k0UrJH1YHwM73RV8wuWN--CPHkWAtKxgk0lcdndzuRjlMN5dqvL8UOKhjXMyzItIAY8hisqhW_cjJUvqShVnpdDHPW4c6DfXqdPQNXMKZRBwWKPg0K0nEuMUnecBXh09egD2GVuJoCpCmC3f7C0tp4LCHppmn29fD4i-3Tuuqo6AjnkUJfoRJ7z-KkupQvK28_T1SejSEOSp56g3ZW0GV7JIcmrvSQ3OUy87-nCtl3-Nb4IaPJmk46NbStO3ZrSLcYUm4zcaIznUOHpyFVyhSx-PMSCWhWSUY035MWNHrwT0-5cMW6vTOcuyF8PGHWUEiKw-7EU-dyYEoLW7BobQaQbFXAJe7Uikzr25_F4ss5gQUKp5EHV4tqx_CcH1FwWZEjrd82x_pvjrSRpmDFzT1JLA7wVTSIR6xJCQei_tBfWrBVJDdDi94r3JmE6OcRsWFg_y9A4NG9i_kocTg61yA5HlWubJN-oiic0QEPXHbBleAFDQMNze1dZ0JBEAeoNfPPXMVJM3_1y8gddgJF4WhF_kzq8msX5wf7pWol7nEsw2EnGxRGo3HcyJA05uJTkWQdiTjTx_Skf3oyQpK7CqV8utNtyzO8zc0d6xScJcQ7mKHoGTJOU46TSxOwlqRGAGXoz5e38RMhSo_K5_wawufL_xJqXmW07EDqgXMl3KM4gy9UxsAGxZhJY8IqjzfHNuTtX2J2EwflHq2ktu1of03qlpjHZU5N29TaT5yeieqWrcFBqmu9EdOuB_dA4d3S8r6AI-vyM4j_xbKLwRtAzaSyF1dUjp3Cd0gNSULrRgClchks6GOX9jBKej8RjrI9nyecTPcrOcoX7LRLJTPZwTg_is7l1ISBsSyFkbXgDcMISKUGk4nat6OJt3jCe7pGSPnej0RrV6sbJeEGgW4t2d7b3dU-ThhnrsT5S3cgC3dgXE0M92dIV1gZePBc=&xkcb=SoC_6_M37_0junwkhZ0IbzkdCdPP&camk=f416UQcMBpCzdt3pEDZo-g==&p=3&fvj=0&vjs=3,
,https://nl.indeed.com/pagead/clk?mo=r&ad=-6NYlbfkN0AkgLxmlM1BeGGfUt-RzcSEgZmtbWnXjE13RQxfCP0k1-Il4NTjbGwDsx5ZqHyf29onLUQFpkTDm1SodHY0gUgkU4L0fbC7H2u3NFfcEnibYPGe8OZ-X41f2ry-12zajJD_CKiS7vnsRyLectgvQaG0IExJhIecKbDiwd3VwEpYLpvZf2DvmJNjwy9kwTR9yqov5Qix1DWSJz765_L-kv3LB3UhuJqncmlppj9ZM-sRzPxVwLIBWuMiE3k_-l5VX87Q0p-UnXU7flblqlEto9awdDx00bFQ4p65dChQUIKC5e2O5By17PEoiu4-7DlKE6SiBjpl_W9Ri4lDuFoZBp-vHXE5J3oe9X-LM5n_ndVDgKpRv0zIH0VBPBRN_zXWz-bTLVmSQm3jy96bx-8xVWofDw0do8KdLA3LcpxD7f5G6LXcU8Mp4QKLLVMOTrf8yDKEo8_FR4w7Y1YjWAyZFYvR9c4NjGFjqmHINvN6x6RLU8tNasErvGNm91f2HfRbu63-zrAK-4VLTjgWLaMmoVIipMSdOUnIpDRgFG7ucR3i9g81VttIYSp69esjpoREAsQCdhDPZF6IIBZIWY4tyCBWk0hWyJ5nfxQ6nTX49idjIwvZUhfimxtrKS6XrQ3uBYj5_Z6j5nLx8f8rs91mD6j-DXjXkAewPD8eK5wSy_RgVglEIb2ykmYTPfbM003YxYbvBjlQS3k7D9Qw2htFkjpgaUaSjw_2jfxDCD2H2fl_pj0HfIugNSmmqYrr6CiU2eSB3mtSEhix9LPRzu4CHmJjLvoCd3FEQjZdgx3MjVq2F0_qA2_dS4JKLtd0MVLUU3C6eWm-EQBNQQ_gFXYFn6GLKywuuvHrPvu-Bo0vzkAY38U3QRRe0qeI_xdgj8iOu-E=&xkcb=SoAx6_M37_0junwkhZ0PbzkdCdPP&camk=H-lBaXMUocJrcqZ_rEuUSA==&p=4&fvj=0&vjs=3,
,https://nl.indeed.com/pagead/clk?mo=r&ad=-6NYlbfkN0Dbl-ni-BlMHqJ_l-VMw5y_nHHvo3hHZpGW61s_iaK1PeDy_M8OMs4BkfIWmEs4iQimCJ8788dmVqzXBdD6fPS0w3pwYkLaQIIA86DRHnhtSa6FrCzAcI-rx1L4Y9IMZ4d8A4wSFGOOPOYQMhu2kR1xmkyEgfA0jG6JIx9R9LVTAU0VMOZ4QQZP01L9cD-I2zpG956IGTu3CWnWAqjIEdzaTRz29AqOtLRsAA6HRnIMhO21OGat1VNzvcLt4_vQeD0jkfiano_Buitva82eOQr8Xhf8JD02H264o4tKsY2l0NUtCzEKqFhL7fYidJFGVcdzsmu4Z4S5DsYYV2G-2lahUIxC1DBgBDviufnZ7ixTzKptCUvVbHgyw1aLQi72VzPo7yOdyzlf9sDMjNLH5ImdF3OlU4AYfyDPW7GDuI3t_z2dzckhGeddWrz87KHPIr6h_j6RE2ada2o8K5CgC8PNo1rkYSwby-B6nmVcP6qRMyeNxdtsjMo1okdz2Hzm3LzY-OhIumlR19Aphgp1I-Mo075VPmUUupibZa9tB17956r0DtaNcRCN1UfiN_zOID3IBfwFxlUPeMGQmrW8bL6v5KrQG95QQdg1HpPwSb9k8hW2e392N5zm1anfcPgiwYIuE-ZvbeTSOeefHAeTsqoItbyfoiJT3LfrsRkX4i-Fs8mUJ4aLM229bVfHmhKoNqtlpqmu27y82vBIb-czgY9K&xkcb=SoCF6_M37_0junwkhZ0ObzkdCdPP&camk=PWNeRUN351gmFSdAPn1mRA==&p=5&fvj=0&vjs=3,
,https://nl.indeed.com/pagead/clk?mo=r&ad=-6NYlbfkN0DYNmRFNW3dDWE0hatW6WQHjY0tlqF1b7WqOJnVEYHhtXi_kkmqpUIrO5qtMFz0OS9HSBh2K91psYlSalHvPI9VvRUDByfAASW_o_XksrLJUriaJUI5SQSl9Sw9GBUbtH3FwgRAN0G0V36dhf4C1po8OsfbfsfYAw9v4_5lWFj0rKC9dVYfbiplSnw7jzbNz8gBIL50GpUsBELGaJZxrx9cSKC_ZpfwIY8MfJ81JvGTMXEiKXvTrVYS0WqStQvMiLqPnZRHiJRU7J9KL5oFe1-_DuWb1zZLqIZSmhV4bFORBBynivkh8n4LFn0VxJ7J06VmpaoTtKgVCLvEw_yorNhBZsYRUNS7ADIJpnixLsKh0DTZMcl4S3fV53EHOEgDGuujF4I-yz5zsraS_JnJdoW0zMKV6HheMvkOVUdntIuva0iaM-lp30ewJ98UUJVjHC0r1lPUKMFnRXuu7jLa7us6wb9vhVh08APow07esoFU2dL5qCc5-1LENzTY9qOTPEVoadlCwXmXPuKesSpOpt070MOWYLztOKguRS_8GbIPkqr-BsRl8rLm5D4f0PPVrvzhv-6e7MImKtlqAoUqTD1d0SL49AdllZ2XjbTMY1zcD1Y1K73uw7ktMo8E1cFFsbgeOpuxGHnj3ljfg6mXafXl39yBJT5ooHNUxnD2FzjsDXcxEVU5fIIpxWN-RDs1UxEY9BYPFcirP-EQe_Z41eRbewuABhg87cfLonnBGM1aUzD6WwXuNMpNqKB89Js0zMc-pLgXqMYSVr9gQuu6j1K24bA8BIriiHH5y_ZE4K2kAAa00hhD8U-JugXPr07Kz97sIydFD6uVY40LXFQho3WdLMdfUp4JSM4K9OYZA1d7YLjlUrlJeyM9yTcYkGqYVuLuhH4_QAmTVxroHfWZTa9wuK53wSAiOm5lWQzmbvKlEg==&xkcb=SoAY6_M37_0junwkhZ0NbzkdCdPP&camk=nUmJqO2E8rhx_BS49HxDkg==&p=6&fvj=0&vjs=3,
,https://nl.indeed.com/pagead/clk?mo=r&ad=-6NYlbfkN0D6Z73i_XiGCtCEIZ40eFVGyxjEUDHged1LJreB44lXy9GBikj2JLuwiLoXzR1LgRbBpV_xxHUXsXkC6RffgtOlbR4G_oCECqXush30de7jz1DV-rdJ_MmRbnigtVykl37rL8UWvHNLYDUi-BnUKt76MJu1fGowuWOFGul_jZLpt7rqUONNVQDY9pQcY8Jul2aDkpbtjOBnZ-iIV2rEvyhplGuQ1F9I-HGrXPWjDjiEEou0j35jyeClvXVUr0xolXgV_tOfRFu2R7f88bpj3-M1F6ief-gMMTO3Gxe_sOE28VW0aJVB-rK6iv1DVphvBZPhW0LY-ulNBNb96Zdwk9aXa8hrznz_ymlzKEiy2on3rEyp_wbdcL0lEoNWsSzs43w2436DumINmJIlvD20-JkUjQf4Obbs2335BPq7DmUHIE4n-zgB6-XW6JRzF4c1VfySUuuf_7JflKaCVwQVALUZG2U9cSEHa5W8Td0vJIqE6GpgZ7BFhkqdoOyxXOHHz20om1rS_6Kz_8DTkCYxvDOcos7ThjanvGQfkfyvG9uTKmTNFHpsG-jBahkdXelFMReyqQqzWqHhM7DifVvwtDvHLPHFguajtmkCRy_634vaa9E1y7yl5qk2dVrV7-ZCDxSaR4PD4aV8EoINvXd9JUtmLUUWoxB4yeE1IlbqddNA4c9r_mI1-TyYsDUHmUsUyx0=&xkcb=SoCs6_M37_0junwkhZ0MbzkdCdPP&camk=f416UQcMBpBqD9zx3n7Kbg==&p=7&fvj=1&vjs=3,
,https://nl.indeed.com/pagead/clk?mo=r&ad=-6NYlbfkN0BJsAtRYhU-A1GbX3BeSmn6DQVE4XVZewRoTomlJ1YXfx4Yw88tm8RZXXphcuD4hOA24byiTHykEFSTvobMgh27WuiLQzvu9nDT9Ux4xUx02d34j3zpnCnD8nI7qrZcthYAOMdsP3y04F32D8SE4g7hcRHJ5mJnkabVU1A9GG58K5rilbWR5Zht50RuqUkblCrhaBRL5fnZtZJTzGubK7AiQeGNRMMeudJPGylKRBqafgYWg7qhHMxncMX7pgC-YgrMFRyO3-Chq8i091oOmFbsTImsEqjXOqq5d14z0M3g1WKSDDIvzNwiWyWyK4vthLqj16JYW5UqF5pCsNNe72wu8vLbL0dEmqn_EiijpMdrESrqKcJmoQ9qH-qnOkUtbFbUZ0XCnZ8e7PYy_PJG7tW_5KccWzCkMPu44bqqix_wSTNDKbasHTIdFwCfh450d-FWp5OKOi3RauTL-Ux18uVMVYJD1d7pu5HxdPw6pLXUIZ35Kh-r24W8zalLWTqHiS-m6-RSVyPq1amu_WkbMMNFTnb7Zaf3Qw_EEOB74Fqi7hhxcjxAq5SdPMRyp70dAwsVmlHipDuhTdLHiiQ1ugkPPwd3wNHcCDAdPULQcrkATtxtuwvjsWLoabX6KCE1rI9NA2R3s1HGHOI2Htf8jihrwx3xZCYMO92tL5RiWR_LMLlQhEKdmhtjA4tTPCiStlMcHjN_NjseRUkK3bH7FE77eQQvUVcdfPeQJllhK7ly259GLcW12KHV-WTBfPqbMUUAcrGct73-cHOafp78TFD6bYR8jjVdnBAHnEczeIX143uBjjhaPJzU0O8Ey9ErMTItaopSXrnOduzjQZZNiN0dlv55M_VUplxYFnZU_LQA1g==&xkcb=SoBF6_M37_0junwkhZ0DbzkdCdPP&camk=nUmJqO2E8rjp4R6z4AK28A==&p=8&fvj=1&vjs=3,
,https://nl.indeed.com/pagead/clk?mo=r&ad=-6NYlbfkN0CPV2DcenltS1pkBl_pMyim6Xwkw0vnsRQ4HE8gG1BfL-124risiof935WyLQPUExANZx5SoiJeF3Alh9QzNvD71N3NE_TtzrIzRpYoHkusBPz1iA9aH_EgvbGATPyl6YvPklsYZo0eyH8OlK5Mh-FaJ3F7GXrKwmRBtwcaOyX8nLyB9QMVcF9Fmc647tWGWsUWgFvJt8Td6xtYoTDD4NDcyEHmo6gaBSjEayn-Jj9amGMSo82M8DKS7j1z3Ry8AacQJhNf6DDhzL_WVB1OFZZaCJyT7G-Z-AXx0R7rLotvX3PUnvrxSWvvlxbuTTEulDufzvMPIzZj2BdbofOjTFfE1mPGF47b868zygqpsH2pHDHrX5y2JyxYdRLNA4fncjowz38B3j2ukdNrYXj2ZQMSaoKfxof8Mmzq-0Ivaotuhw0dxKA8fyHCd9FiaW16Ma8C45WunlYEiZl6mHXtOVnBhhFkNuJx14nVpPf1XB25bnzwaBbJXJ29gXdfYp2WcbLkDkyERG-FLVhZ6VYG3BNPZ_T82QCojzYUeHItXr2-aSwqBk1DC_qkp_l2-pmWiSZp6wi-TF2zWuysCfyJM4lzBbdx9vlOx3o6xH1I-HdcHfNSxlUFz2-93JzIY_PF1FqY7QYtfusse0_kRIW5zx0RcLe_lkI-O-o3zyyC39saN__IwMCVneCiIIBVhImNhNflMGNeDDfaU1oLhiKczYkc7qtf8ojNVlRCKaUGvnnHNTbayvcGSJrCMijw8FSIqAMe99AEEHfb0O8wsPtH2HCfFCScXopqEKivl9kJDER13YkXG4fYyOta_vMou413xq2t25L3LWzGvIvYchMCSF8JqQcOIH56ALxWnJPDuR37tx5BdJ2qbM5XEDW8IMCIWTT7H36j9QHIKqmlgrtpB0oIPJZXizRsYh-Ha5Ij_3TUEVOY6yqdBVGEJpuk3iU94-Ogk-6w_vPUNa9sy1o6zMNpAb-oZJ2yOrSInJhVrMIjcZNwtFHvSCyR&xkcb=SoDx6_M37_0junwkhZ0CbzkdCdPP&camk=f416UQcMBpCzdt3pEDZo-g==&p=9&fvj=0&vjs=3,
,https://nl.indeed.com/rc/clk?jk=20373e7553493f35&bb=SHi3ZiNo0XHbCoW-IqRRZMQZ5DBKkfs6MMhHpBn4E-zOgJf7NrIyWo04CZI5WbSUFUO5rrJRG9G-3lu010PC45ZtjkBxGNLJBER7FoZvvbMS9GdKPxy5w1i6amKdu3o6&xkcb=SoCY67M37_0junwkhZ0BbzkdCdPP&fccid=1747bb6b3fe39959&cmp=Maxdoro&ti=Developer&vjs=3,
,https://nl.indeed.com/rc/clk?jk=2d2004524bb20b22&bb=SHi3ZiNo0XHbCoW-IqRRZLp3culvvlqGAQt6OF0DK5gyqnO8H15lfRvVC5jI2tCzI6g0iHKT_xfXGIzCRkPA7kQFF20TIOxHrYUsPfPkIGAX0mB1FagNFgjaSjkWB_bV&xkcb=SoAs67M37_0junwkhZ0AbzkdCdPP&fccid=3ba6d20cd884270b&vjs=3,
,https://nl.indeed.com/rc/clk?jk=27fe66143a270f37&bb=SHi3ZiNo0XHbCoW-IqRRZHZxACHEMzCvpImzfp3qw1pwNX2aMbjH9rtq6nMd7MQIFnRD0B-ICBJM1xuxKntUWfKAbm3ygG0Xi4TLCy6Jrqk_v6Pwpqb01f1kpf2roO0b&xkcb=SoCi67M37_0junwkhZ0HbzkdCdPP&fccid=bf81aaf7f6a78423&vjs=3,
,https://nl.indeed.com/rc/clk?jk=77c8ad22d4f4c1e5&bb=SHi3ZiNo0XHbCoW-IqRRZI9Sg9fYfVFk_swZ-MBqnUlWvwKr2eCjqx4CgtLPbTI_MJPdDIqfXuPuq5bd63I_5y9NUrDFFMUTo-dPdFbjVgRqwUmLHqTyZxwNIeGp31si&xkcb=SoAW67M37_0junwkhZ0GbzkdCdPP&fccid=91f291af2278c534&vjs=3,
,https://nl.indeed.com/pagead/clk?mo=r&ad=-6NYlbfkN0BO2noXIfST3-_-JoxQtt8U3JMypg5kFLixO-ytpxQ7SMQ0MlGSpC_6CJgSLhVHiwPZJGzG8hnvpNJh87p5OTa4e357WNjaZsUtY7bSJqV8_yrZ55074ACu8bdSjy2Ob6ieMpwWmu1RCc7YIYzvjkeiKNtateXYAVcQSdbiGn9cjOEcNl5KjA_H_nbjJzD1a9jLXE_S30WxldEypUNX2YilFtQc3FiytKa9JY_BpoMHefbeJaOfWBUK-ALdsshwKgzwwW6TQNLSfoMfX2WUqWSuxfGCFCosb2Prw1xn91KAlRykmzNnkG4GrahtDx8cfrAX3TwOTZEtNZLkcY7oj0AvcDBX_4nzkJ9DZtO_43J5bx3UKnOY9repbxjf0pUdaLn4VZLDAhaT0_ytUCJ9W--tm3o5wWhU2R2Ii3MoiE4W-rcyw8JXflQU0QsrT-WNpzdDbNkagNoXyRZBzogg-9pGXRSpuhLgTumXN3cQuNBini9QKoRbHZ2w0ExeOwAdXgjtM4YLxzAQV_oX9ZpRtgAdshE-ZIpZ_9lGnGmdqnp1dDLYrzFz22TcmE2oebXaD6OvudIsMhX23sPwTS2a3iGR3Q2CFB6m5sbBaWcehyrMe3mxU7wU273jv-n01YlWatXsr2oOdEtXFgH7ZB4V4ScO2BEjwnkWTjZ9LhjdjiVQvT3Tf5ypdPyFjZcRO5YDrN-swKx4m4O7xqp7LdfNt9tZ&xkcb=SoB_6_M37_0junwkhZ0FbzkdCdPP&camk=nUmJqO2E8rhq3IjabKo9sg==&p=14&fvj=0&vjs=3,
